StageCode,PointIndex,x,y,PointsInStage,elevation
31,0,-3.229521,55.26541,264,309.0
31,1,-3.230679,55.265955,264,294.0
31,2,-3.230873,55.26619,264,294.0
31,3,-3.230898,55.266581,264,294.0
31,4,-3.230802,55.266816,264,299.0
31,5,-3.229929,55.267663,264,305.0
31,6,-3.229723,55.267895,264,305.0
31,7,-3.229748,55.268116,264,305.0
31,8,-3.230136,55.268539,264,304.0
31,9,-3.230333,55.268645,264,304.0
31,10,-3.230466,55.268716,264,304.0
31,11,-3.232446,55.269137,264,305.0
31,12,-3.233198,55.269297,264,320.0
31,13,-3.234271,55.269444,264,316.0
31,14,-3.234878,55.269643,264,316.0
31,15,-3.235182,55.269625,264,314.0
31,16,-3.237017,55.268973,264,309.0
31,17,-3.237598,55.267166,264,306.0
31,18,-3.237889,55.266669,264,306.0
31,19,-3.238457,55.265948,264,306.0
31,20,-3.23889,55.265649,264,301.0
31,21,-3.24015,55.265292,264,299.0
31,22,-3.241074,55.264817,264,301.0
31,23,-3.241326,55.264644,264,300.0
31,24,-3.241321,55.264432,264,300.0
31,25,-3.241319,55.264328,264,300.0
31,26,-3.240886,55.263628,264,309.0
31,27,-3.240337,55.261677,264,304.0
31,28,-3.240215,55.261364,264,300.0
31,29,-3.239607,55.260853,264,301.0
31,30,-3.238942,55.260205,264,300.0
31,31,-3.238645,55.260127,264,302.0
31,32,-3.237986,55.260161,264,302.0
31,33,-3.237624,55.260068,264,302.0
31,34,-3.237456,55.259958,264,307.0
31,35,-3.237385,55.259641,264,307.0
31,36,-3.237243,55.259288,264,307.0
31,37,-3.236778,55.25836,264,307.0
31,38,-3.236765,55.258147,264,304.0
31,39,-3.237223,55.25748,264,298.0
31,40,-3.237404,55.257112,264,298.0
31,41,-3.237288,55.25684,264,298.0
31,42,-3.235776,55.255974,264,278.0
31,43,-3.235776,55.25582,264,275.0
31,44,-3.236184,55.255519,264,275.0
31,45,-3.236261,55.255463,264,286.0
31,46,-3.236635,55.255039,264,286.0
31,47,-3.236862,55.254074,264,277.0
31,48,-3.237204,55.252826,264,279.0
31,49,-3.23723,55.252469,264,281.0
31,50,-3.236752,55.251324,264,282.0
31,51,-3.236739,55.251088,264,282.0
31,52,-3.237159,55.250399,264,281.0
31,53,-3.237133,55.250086,264,281.0
31,54,-3.235162,55.246021,264,277.0
31,55,-3.235569,55.245085,264,276.0
31,56,-3.236971,55.243929,264,280.0
31,57,-3.237223,55.243553,264,280.0
31,58,-3.236913,55.242194,264,285.0
31,59,-3.236997,55.241826,264,285.0
31,60,-3.237521,55.241159,264,290.0
31,61,-3.238251,55.240853,264,290.0
31,62,-3.238515,55.240699,264,281.0
31,63,-3.238604,55.240452,264,281.0
31,64,-3.238619,55.240411,264,281.0
31,65,-3.238826,55.240117,264,283.0
31,66,-3.239271,55.239778,264,277.0
31,67,-3.23942,55.239605,264,277.0
31,68,-3.239465,55.239144,264,272.0
31,69,-3.239607,55.238934,264,272.0
31,70,-3.240421,55.238577,264,278.0
31,71,-3.241274,55.238035,264,277.0
31,72,-3.242314,55.237575,264,277.0
31,73,-3.243406,55.236776,264,271.0
31,74,-3.243845,55.236297,264,269.0
31,75,-3.244285,55.235464,264,265.0
31,76,-3.245306,55.233095,264,250.0
31,77,-3.246043,55.233319,264,250.0
31,78,-3.24714,55.233652,264,245.0
31,79,-3.247586,55.233921,264,229.0
31,80,-3.247748,55.234252,264,228.0
31,81,-3.247832,55.234805,264,228.0
31,82,-3.247735,55.235332,264,231.0
31,83,-3.247773,55.235615,264,231.0
31,84,-3.247948,55.235766,264,231.0
31,85,-3.248381,55.23591,264,233.0
31,86,-3.248413,55.236157,264,233.0
31,87,-3.248161,55.236846,264,224.0
31,88,-3.247767,55.237247,264,224.0
31,89,-3.247347,55.237737,264,241.0
31,90,-3.246947,55.238813,264,235.0
31,91,-3.246578,55.239255,264,235.0
31,92,-3.246391,55.239619,264,235.0
31,93,-3.24641,55.240791,264,232.0
31,94,-3.246779,55.241682,264,234.0
31,95,-3.24674,55.242356,264,234.0
31,96,-3.246384,55.243354,264,242.0
31,97,-3.246087,55.243796,264,249.0
31,98,-3.245099,55.245188,264,245.0
31,99,-3.245066,55.245395,264,245.0
31,100,-3.245415,55.245715,264,245.0
31,101,-3.245474,55.245788,264,245.0
31,102,-3.245861,55.246268,264,249.0
31,103,-3.246229,55.247067,264,246.0
31,104,-3.246255,55.247597,264,236.0
31,105,-3.246352,55.247947,264,236.0
31,106,-3.24641,55.248359,264,241.0
31,107,-3.246197,55.248853,264,251.0
31,108,-3.245616,55.249501,264,243.0
31,109,-3.245409,55.249891,264,243.0
31,110,-3.245112,55.25012,264,245.0
31,111,-3.244233,55.250374,264,246.0
31,112,-3.243535,55.250654,264,252.0
31,113,-3.242857,55.251077,264,258.0
31,114,-3.242469,55.251269,264,257.0
31,115,-3.242437,55.251405,264,257.0
31,116,-3.242611,55.251512,264,258.0
31,117,-3.242909,55.251501,264,258.0
31,118,-3.243283,55.251464,264,258.0
31,119,-3.243684,55.251512,264,258.0
31,120,-3.244156,55.251755,264,262.0
31,121,-3.244827,55.252311,264,262.0
31,122,-3.245241,55.252749,264,261.0
31,123,-3.245926,55.25329,264,261.0
31,124,-3.246662,55.253758,264,260.0
31,125,-3.24736,55.254531,264,273.0
31,126,-3.247508,55.25476,264,259.0
31,127,-3.248045,55.255588,264,265.0
31,128,-3.248678,55.256096,264,269.0
31,129,-3.248923,55.25646,264,254.0
31,130,-3.24915,55.257322,264,254.0
31,131,-3.249188,55.257594,264,253.0
31,132,-3.249001,55.258044,264,253.0
31,133,-3.248316,55.259376,264,263.0
31,134,-3.248032,55.259763,264,263.0
31,135,-3.247567,55.26128,264,265.0
31,136,-3.247735,55.262049,264,265.0
31,137,-3.247948,55.262417,264,265.0
31,138,-3.248407,55.263776,264,268.0
31,139,-3.248381,55.264048,264,268.0
31,140,-3.248407,55.2647,264,269.0
31,141,-3.248336,55.265016,264,267.0
31,142,-3.248349,55.265273,264,267.0
31,143,-3.24877,55.265621,264,265.0
31,144,-3.249147,55.266069,264,266.0
31,145,-3.249346,55.266561,264,266.0
31,146,-3.249779,55.267635,264,272.0
31,147,-3.249717,55.267862,264,272.0
31,148,-3.24944,55.268144,264,272.0
31,149,-3.249353,55.268337,264,269.0
31,150,-3.249535,55.268726,264,269.0
31,151,-3.249808,55.268809,264,269.0
31,152,-3.250511,55.268118,264,278.0
31,153,-3.250763,55.267534,264,278.0
31,154,-3.251218,55.26708,264,280.0
31,155,-3.251412,55.266641,264,282.0
31,156,-3.251611,55.266382,264,282.0
31,157,-3.252181,55.265953,264,282.0
31,158,-3.252371,55.265871,264,282.0
31,159,-3.252756,55.265704,264,271.0
31,160,-3.253415,55.265543,264,271.0
31,161,-3.253608,55.265496,264,271.0
31,162,-3.254133,55.26548,264,264.0
31,163,-3.254563,55.265539,264,264.0
31,164,-3.25496,55.265678,264,264.0
31,165,-3.255163,55.265812,264,253.0
31,166,-3.255469,55.266208,264,264.0
31,167,-3.255725,55.26642,264,264.0
31,168,-3.256329,55.266688,264,267.0
31,169,-3.257317,55.267063,264,267.0
31,170,-3.257635,55.267219,264,251.0
31,171,-3.258057,55.267749,264,263.0
31,172,-3.258867,55.268427,264,254.0
31,173,-3.259082,55.2687,264,254.0
31,174,-3.259285,55.269374,264,256.0
31,175,-3.259326,55.26969,264,256.0
31,176,-3.259194,55.270109,264,259.0
31,177,-3.259132,55.270403,264,259.0
31,178,-3.259205,55.270645,264,259.0
31,179,-3.259211,55.270663,264,259.0
31,180,-3.259599,55.271119,264,261.0
31,181,-3.259719,55.271346,264,261.0
31,182,-3.259686,55.271581,264,261.0
31,183,-3.25924,55.272205,264,260.0
31,184,-3.258958,55.27246,264,260.0
31,185,-3.258776,55.272709,264,262.0
31,186,-3.258669,55.273178,264,273.0
31,187,-3.258657,55.273416,264,277.0
31,188,-3.258843,55.273616,264,267.0
31,189,-3.259674,55.274132,264,267.0
31,190,-3.260782,55.274655,264,266.0
31,191,-3.261075,55.274763,264,266.0
31,192,-3.261373,55.274775,264,268.0
31,193,-3.261911,55.274657,264,268.0
31,194,-3.261658,55.274387,264,268.0
31,195,-3.261574,55.274249,264,268.0
31,196,-3.261261,55.273736,264,279.0
31,197,-3.26103,55.273025,264,274.0
31,198,-3.260608,55.272516,264,274.0
31,199,-3.260538,55.272351,264,260.0
31,200,-3.260484,55.271913,264,260.0
31,201,-3.26055,55.271341,264,260.0
31,202,-3.260513,55.271009,264,260.0
31,203,-3.260282,55.270486,264,262.0
31,204,-3.260232,55.270257,264,262.0
31,205,-3.26053,55.26907,264,263.0
31,206,-3.260542,55.268816,264,263.0
31,207,-3.260368,55.268528,264,263.0
31,208,-3.26007,55.267942,264,265.0
31,209,-3.260056,55.267573,264,265.0
31,210,-3.26004,55.267271,264,262.0
31,211,-3.259957,55.267006,264,252.0
31,212,-3.259843,55.266788,264,252.0
31,213,-3.259812,55.266679,264,252.0
31,214,-3.259749,55.266568,264,255.0
31,215,-3.259443,55.266186,264,255.0
31,216,-3.25917,55.265957,264,255.0
31,217,-3.258799,55.265787,264,260.0
31,218,-3.258392,55.265723,264,252.0
31,219,-3.257937,55.265673,264,252.0
31,220,-3.257664,55.265638,264,252.0
31,221,-3.257462,55.265541,264,252.0
31,222,-3.257385,55.265363,264,252.0
31,223,-3.25743,55.264865,264,259.0
31,224,-3.25731,55.264618,264,259.0
31,225,-3.256403,55.263657,264,263.0
31,226,-3.256085,55.263308,264,266.0
31,227,-3.255527,55.262808,264,266.0
31,228,-3.255283,55.262521,264,266.0
31,229,-3.255229,55.262364,264,268.0
31,230,-3.255179,55.262219,264,268.0
31,231,-3.255214,55.26124,264,271.0
31,232,-3.25535,55.260418,264,276.0
31,233,-3.255541,55.25976,264,271.0
31,234,-3.255753,55.259496,264,271.0
31,235,-3.256332,55.259014,264,272.0
31,236,-3.256623,55.25872,264,272.0
31,237,-3.256951,55.258264,264,260.0
31,238,-3.257043,55.258007,264,260.0
31,239,-3.256957,55.257608,264,260.0
31,240,-3.256967,55.257398,264,265.0
31,241,-3.257136,55.256965,264,265.0
31,242,-3.257222,55.25669,264,265.0
31,243,-3.257212,55.256456,264,255.0
31,244,-3.257119,55.256301,264,255.0
31,245,-3.256795,55.256064,264,255.0
31,246,-3.255981,55.255219,264,257.0
31,247,-3.255429,55.254644,264,265.0
31,248,-3.255035,55.254133,264,271.0
31,249,-3.254662,55.253155,264,263.0
31,250,-3.25443,55.252732,264,263.0
31,251,-3.254189,55.252514,264,263.0
31,252,-3.253937,55.252418,264,259.0
31,253,-3.253395,55.252333,264,252.0
31,254,-3.253107,55.25224,264,252.0
31,255,-3.252498,55.251903,264,248.0
31,256,-3.25231,55.251701,264,248.0
31,257,-3.252161,55.251258,264,254.0
31,258,-3.252134,55.250951,264,254.0
31,259,-3.25223,55.250568,264,258.0
31,260,-3.252465,55.250183,264,258.0
31,261,-3.253137,55.24949,264,267.0
31,262,-3.253295,55.249201,264,267.0
31,263,-3.253281,55.249111,264,259.0
32,0,-2.890142,55.602572,136,131.0
32,1,-2.890235,55.602554,136,131.0
32,2,-2.894505,55.601293,136,183.0
32,3,-2.895342,55.600808,136,200.0
32,4,-2.896921,55.600441,136,199.0
32,5,-2.89753,55.600299,136,195.0
32,6,-2.898549,55.599911,136,212.0
32,7,-2.899252,55.599578,136,203.0
32,8,-2.899826,55.599305,136,203.0
32,9,-2.901071,55.598638,136,226.0
32,10,-2.902722,55.597896,136,231.0
32,11,-2.903196,55.597684,136,231.0
32,12,-2.903371,55.597605,136,231.0
32,13,-2.90451,55.596946,136,239.0
32,14,-2.906533,55.595775,136,243.0
32,15,-2.906864,55.595583,136,243.0
32,16,-2.90806,55.595096,136,230.0
32,17,-2.90871,55.594832,136,249.0
32,18,-2.909783,55.594065,136,255.0
32,19,-2.911474,55.593039,136,252.0
32,20,-2.911949,55.592639,136,252.0
32,21,-2.912455,55.592337,136,263.0
32,22,-2.912398,55.592163,136,263.0
32,23,-2.912508,55.592006,136,263.0
32,24,-2.912229,55.591703,136,263.0
32,25,-2.910855,55.591109,136,272.0
32,26,-2.909328,55.590765,136,255.0
32,27,-2.908967,55.590685,136,255.0
32,28,-2.908002,55.589981,136,250.0
32,29,-2.908002,55.589763,136,250.0
32,30,-2.908019,55.589371,136,250.0
32,31,-2.908042,55.588845,136,250.0
32,32,-2.908044,55.588793,136,250.0
32,33,-2.907701,55.588247,136,258.0
32,34,-2.906693,55.587496,136,256.0
32,35,-2.903839,55.58621,136,265.0
32,36,-2.903302,55.585507,136,270.0
32,37,-2.903281,55.584997,136,270.0
32,38,-2.903581,55.584512,136,278.0
32,39,-2.90401,55.584015,136,303.0
32,40,-2.903646,55.583396,136,288.0
32,41,-2.903538,55.583081,136,299.0
32,42,-2.90363,55.582641,136,299.0
32,43,-2.903538,55.582123,136,306.0
32,44,-2.90341,55.581941,136,306.0
32,45,-2.899826,55.58131,136,305.0
32,46,-2.897766,55.581201,136,304.0
32,47,-2.896608,55.581213,136,309.0
32,48,-2.895792,55.581444,136,323.0
32,49,-2.894235,55.582418,136,313.0
32,50,-2.893561,55.582839,136,299.0
32,51,-2.893192,55.583003,136,299.0
32,52,-2.89246,55.58323,136,310.0
32,53,-2.8917,55.583348,136,273.0
32,54,-2.890933,55.583372,136,276.0
32,55,-2.890477,55.583387,136,276.0
32,56,-2.89008,55.583372,136,276.0
32,57,-2.889586,55.583312,136,316.0
32,58,-2.887424,55.582839,136,326.0
32,59,-2.88709,55.582597,136,326.0
32,60,-2.886587,55.582232,136,341.0
32,61,-2.886572,55.582097,136,341.0
32,62,-2.886501,55.581456,136,361.0
32,63,-2.888003,55.580231,136,364.0
32,64,-2.892874,55.57806,136,364.0
32,65,-2.894103,55.577872,136,380.0
32,66,-2.894704,55.577677,136,380.0
32,67,-2.895283,55.577459,136,375.0
32,68,-2.895295,55.577413,136,375.0
32,69,-2.895347,55.577204,136,375.0
32,70,-2.895111,55.576756,136,375.0
32,71,-2.89436,55.576064,136,334.0
32,72,-2.893631,55.575652,136,322.0
32,73,-2.890369,55.574317,136,292.0
32,74,-2.888622,55.573458,136,289.0
32,75,-2.888223,55.573262,136,295.0
32,76,-2.887961,55.573239,136,295.0
32,77,-2.887294,55.573261,136,292.0
32,78,-2.887019,55.573272,136,292.0
32,79,-2.886312,55.573299,136,292.0
32,80,-2.886156,55.573295,136,294.0
32,81,-2.885113,55.573268,136,294.0
32,82,-2.884104,55.573359,136,269.0
32,83,-2.882194,55.573565,136,293.0
32,84,-2.88125,55.573529,136,291.0
32,85,-2.880005,55.573723,136,278.0
32,86,-2.878439,55.573844,136,276.0
32,87,-2.876765,55.574075,136,282.0
32,88,-2.875478,55.574329,136,261.0
32,89,-2.874822,55.574447,136,264.0
32,90,-2.873718,55.574645,136,273.0
32,91,-2.8724,55.574775,136,268.0
32,92,-2.87198,55.574764,136,268.0
32,93,-2.87158,55.574788,136,268.0
32,94,-2.871148,55.574907,136,259.0
32,95,-2.870707,55.575054,136,240.0
32,96,-2.870384,55.575091,136,240.0
32,97,-2.870109,55.575108,136,240.0
32,98,-2.869968,55.575181,136,242.0
32,99,-2.869841,55.575334,136,242.0
32,100,-2.869533,55.575537,136,242.0
32,101,-2.868864,55.575842,136,231.0
32,102,-2.868787,55.576078,136,231.0
32,103,-2.869218,55.577294,136,225.0
32,104,-2.869255,55.577398,136,225.0
32,105,-2.869223,55.577938,136,223.0
32,106,-2.869202,55.578105,136,223.0
32,107,-2.869168,55.578393,136,216.0
32,108,-2.869247,55.57873,136,216.0
32,109,-2.869397,55.579251,136,206.0
32,110,-2.869408,55.579512,136,206.0
32,111,-2.869336,55.579749,136,206.0
32,112,-2.869279,55.579936,136,206.0
32,113,-2.869228,55.580028,136,207.0
32,114,-2.86914,55.580185,136,207.0
32,115,-2.86914,55.580373,136,207.0
32,116,-2.869236,55.580792,136,207.0
32,117,-2.869204,55.581046,136,193.0
32,118,-2.868914,55.581337,136,193.0
32,119,-2.868474,55.581513,136,208.0
32,120,-2.868324,55.581571,136,208.0
32,121,-2.867638,55.581835,136,200.0
32,122,-2.867187,55.582041,136,208.0
32,123,-2.866855,55.582204,136,208.0
32,124,-2.866614,55.582203,136,208.0
32,125,-2.866138,55.582208,136,209.0
32,126,-2.865128,55.582242,136,209.0
32,127,-2.863879,55.582241,136,203.0
32,128,-2.862135,55.582022,136,176.0
32,129,-2.860494,55.581723,136,159.0
32,130,-2.860095,55.581642,136,202.0
32,131,-2.856289,55.580874,136,172.0
32,132,-2.852705,55.580389,136,168.0
32,133,-2.852788,55.580439,136,168.0
32,134,-2.850044,55.579867,136,190.0
32,135,-2.847061,55.579964,136,180.0
33,0,-3.125414,55.634088,242,169.0
33,1,-3.124512,55.633139,242,171.0
33,2,-3.124435,55.633056,242,171.0
33,3,-3.124308,55.632787,242,171.0
33,4,-3.12392,55.631966,242,173.0
33,5,-3.12367,55.630965,242,182.0
33,6,-3.123613,55.630346,242,187.0
33,7,-3.123298,55.629931,242,184.0
33,8,-3.12289,55.629495,242,184.0
33,9,-3.122289,55.62855,242,201.0
33,10,-3.122053,55.628284,242,192.0
33,11,-3.121889,55.627743,242,192.0
33,12,-3.121731,55.627218,242,194.0
33,13,-3.121452,55.626624,242,199.0
33,14,-3.121345,55.626224,242,199.0
33,15,-3.121259,55.625655,242,208.0
33,16,-3.121066,55.625207,242,216.0
33,17,-3.120873,55.625013,242,216.0
33,18,-3.120465,55.624637,242,211.0
33,19,-3.119929,55.624347,242,239.0
33,20,-3.1195,55.624056,242,225.0
33,21,-3.119349,55.623813,242,225.0
33,22,-3.119349,55.623632,242,225.0
33,23,-3.119521,55.623414,242,225.0
33,24,-3.120015,55.623171,242,227.0
33,25,-3.120487,55.622844,242,227.0
33,26,-3.12098,55.622384,242,228.0
33,27,-3.121302,55.621984,242,250.0
33,28,-3.121474,55.621584,242,242.0
33,29,-3.121603,55.621221,242,242.0
33,30,-3.121645,55.620978,242,242.0
33,31,-3.12171,55.620627,242,241.0
33,32,-3.12171,55.620288,242,241.0
33,33,-3.121603,55.619573,242,247.0
33,34,-3.121452,55.61904,242,258.0
33,35,-3.121388,55.618664,242,258.0
33,36,-3.121376,55.618585,242,258.0
33,37,-3.121345,55.618373,242,258.0
33,38,-3.121478,55.618124,242,263.0
33,39,-3.121502,55.618014,242,263.0
33,40,-3.121579,55.617896,242,263.0
33,41,-3.121639,55.617787,242,263.0
33,42,-3.121731,55.617489,242,255.0
33,43,-3.121645,55.617198,242,255.0
33,44,-3.121452,55.616931,242,255.0
33,45,-3.121391,55.616844,242,255.0
33,46,-3.121324,55.616749,242,255.0
33,47,-3.120959,55.616519,242,271.0
33,48,-3.120701,55.61624,242,271.0
33,49,-3.120294,55.615901,242,271.0
33,50,-3.120015,55.615586,242,284.0
33,51,-3.11995,55.615368,242,283.0
33,52,-3.119929,55.615138,242,283.0
33,53,-3.119907,55.614835,242,286.0
33,54,-3.119736,55.614605,242,286.0
33,55,-3.119714,55.614362,242,286.0
33,56,-3.119736,55.614011,242,294.0
33,57,-3.119714,55.613684,242,294.0
33,58,-3.119671,55.613356,242,294.0
33,59,-3.11965,55.613126,242,299.0
33,60,-3.11965,55.612896,242,299.0
33,61,-3.119736,55.612702,242,299.0
33,62,-3.1198,55.612581,242,299.0
33,63,-3.119714,55.612302,242,316.0
33,64,-3.119564,55.612084,242,316.0
33,65,-3.119478,55.611878,242,316.0
33,66,-3.119349,55.611648,242,330.0
33,67,-3.119221,55.611393,242,330.0
33,68,-3.119092,55.611175,242,330.0
33,69,-3.119028,55.611003,242,330.0
33,70,-3.119006,55.610945,242,330.0
33,71,-3.118942,55.610811,242,340.0
33,72,-3.118813,55.610581,242,340.0
33,73,-3.118749,55.610375,242,338.0
33,74,-3.118641,55.610254,242,338.0
33,75,-3.118513,55.610557,242,338.0
33,76,-3.118384,55.610775,242,338.0
33,77,-3.118362,55.610896,242,337.0
33,78,-3.118191,55.611393,242,337.0
33,79,-3.117976,55.612035,242,333.0
33,80,-3.117847,55.612666,242,324.0
33,81,-3.11774,55.613405,242,318.0
33,82,-3.117611,55.613805,242,318.0
33,83,-3.117633,55.61452,242,309.0
33,84,-3.117697,55.615174,242,303.0
33,85,-3.117812,55.615668,242,303.0
33,86,-3.117869,55.615913,242,308.0
33,87,-3.118062,55.616531,242,308.0
33,88,-3.118178,55.616733,242,316.0
33,89,-3.118468,55.617125,242,316.0
33,90,-3.118708,55.618045,242,316.0
33,91,-3.118683,55.618765,242,314.0
33,92,-3.118191,55.619656,242,306.0
33,93,-3.118096,55.619752,242,306.0
33,94,-3.117256,55.620604,242,306.0
33,95,-3.11641,55.62126,242,292.0
33,96,-3.115994,55.621496,242,303.0
33,97,-3.115072,55.621895,242,282.0
33,98,-3.114605,55.622316,242,294.0
33,99,-3.114594,55.622354,242,294.0
33,100,-3.114547,55.622512,242,295.0
33,101,-3.114484,55.622728,242,295.0
33,102,-3.114453,55.622836,242,295.0
33,103,-3.114541,55.623228,242,295.0
33,104,-3.115021,55.623563,242,289.0
33,105,-3.115716,55.62377,242,289.0
33,106,-3.117332,55.624262,242,295.0
33,107,-3.11796,55.624453,242,270.0
33,108,-3.118367,55.625039,242,277.0
33,109,-3.118582,55.625688,242,277.0
33,110,-3.11862,55.626643,242,278.0
33,111,-3.119037,55.627613,242,252.0
33,112,-3.119422,55.628433,242,256.0
33,113,-3.119706,55.629039,242,256.0
33,114,-3.120552,55.630657,242,241.0
33,115,-3.121171,55.631591,242,244.0
33,116,-3.121373,55.632118,242,217.0
33,117,-3.121827,55.633622,242,225.0
33,118,-3.12193,55.633979,242,225.0
33,119,-3.122004,55.634235,242,209.0
33,120,-3.122029,55.634534,242,209.0
33,121,-3.121625,55.634777,242,209.0
33,122,-3.120836,55.635097,242,200.0
33,123,-3.119891,55.635398,242,208.0
33,124,-3.118848,55.635648,242,208.0
33,125,-3.117846,55.635895,242,198.0
33,126,-3.116982,55.636018,242,205.0
33,127,-3.115713,55.636155,242,213.0
33,128,-3.115244,55.636181,242,213.0
33,129,-3.114727,55.636009,242,224.0
33,130,-3.11442,55.635849,242,224.0
33,131,-3.114389,55.635656,242,250.0
33,132,-3.11439,55.63497,242,244.0
33,133,-3.114621,55.634746,242,244.0
33,134,-3.114889,55.634636,242,244.0
33,135,-3.114822,55.634571,242,244.0
33,136,-3.114525,55.634281,242,244.0
33,137,-3.114006,55.633853,242,255.0
33,138,-3.113767,55.63364,242,255.0
33,139,-3.113512,55.633076,242,251.0
33,140,-3.113443,55.632721,242,251.0
33,141,-3.113347,55.632194,242,250.0
33,142,-3.113327,55.631745,242,250.0
33,143,-3.113304,55.631101,242,258.0
33,144,-3.113334,55.63066,242,268.0
33,145,-3.113416,55.630381,242,268.0
33,146,-3.113503,55.630116,242,268.0
33,147,-3.113453,55.62966,242,268.0
33,148,-3.113426,55.62914,242,275.0
33,149,-3.113405,55.629025,242,275.0
33,150,-3.113387,55.628926,242,275.0
33,151,-3.113201,55.628754,242,275.0
33,152,-3.113093,55.628667,242,275.0
33,153,-3.11249,55.628184,242,273.0
33,154,-3.112188,55.627935,242,273.0
33,155,-3.111851,55.627524,242,273.0
33,156,-3.111718,55.627197,242,288.0
33,157,-3.111606,55.626769,242,288.0
33,158,-3.111411,55.626483,242,304.0
33,159,-3.111182,55.626341,242,288.0
33,160,-3.110924,55.626253,242,288.0
33,161,-3.110411,55.626104,242,288.0
33,162,-3.109947,55.625889,242,277.0
33,163,-3.109802,55.625698,242,297.0
33,164,-3.10975,55.625629,242,297.0
33,165,-3.109553,55.625367,242,297.0
33,166,-3.109487,55.62528,242,297.0
33,167,-3.109312,55.625151,242,297.0
33,168,-3.108908,55.625072,242,297.0
33,169,-3.108392,55.624928,242,296.0
33,170,-3.107759,55.624659,242,296.0
33,171,-3.106674,55.624168,242,279.0
33,172,-3.106508,55.624083,242,306.0
33,173,-3.106425,55.623906,242,306.0
33,174,-3.106303,55.623508,242,306.0
33,175,-3.106277,55.623203,242,314.0
33,176,-3.10626,55.622727,242,314.0
33,177,-3.106257,55.622648,242,314.0
33,178,-3.106264,55.622458,242,308.0
33,179,-3.10627,55.62228,242,308.0
33,180,-3.106247,55.622119,242,288.0
33,181,-3.106065,55.62197,242,288.0
33,182,-3.105697,55.62173,242,288.0
33,183,-3.104909,55.621085,242,278.0
33,184,-3.104423,55.620785,242,293.0
33,185,-3.104194,55.620719,242,293.0
33,186,-3.10382,55.620667,242,293.0
33,187,-3.103191,55.620654,242,279.0
33,188,-3.102076,55.620693,242,283.0
33,189,-3.10157,55.620829,242,253.0
33,190,-3.100629,55.621108,242,255.0
33,191,-3.099987,55.621069,242,259.0
33,192,-3.099722,55.621041,242,259.0
33,193,-3.098951,55.621001,242,259.0
33,194,-3.098792,55.620968,242,259.0
33,195,-3.098385,55.620871,242,257.0
33,196,-3.098031,55.620732,242,288.0
33,197,-3.097551,55.620514,242,288.0
33,198,-3.097398,55.620348,242,279.0
33,199,-3.097379,55.620327,242,279.0
33,200,-3.097094,55.619927,242,307.0
33,201,-3.096945,55.619667,242,307.0
33,202,-3.09678,55.619102,242,325.0
33,203,-3.096611,55.618545,242,325.0
33,204,-3.096492,55.618177,242,336.0
33,205,-3.096191,55.617639,242,299.0
33,206,-3.095995,55.617128,242,312.0
33,207,-3.095767,55.616781,242,312.0
33,208,-3.095486,55.616302,242,320.0
33,209,-3.095227,55.615919,242,320.0
33,210,-3.095105,55.615513,242,325.0
33,211,-3.094982,55.615222,242,292.0
33,212,-3.094904,55.614826,242,287.0
33,213,-3.094851,55.613977,242,282.0
33,214,-3.094879,55.613801,242,282.0
33,215,-3.094904,55.613644,242,282.0
33,216,-3.095017,55.613271,242,294.0
33,217,-3.094942,55.613217,242,265.0
33,218,-3.09484,55.613193,242,265.0
33,219,-3.09461,55.613348,242,282.0
33,220,-3.094416,55.613479,242,282.0
33,221,-3.093816,55.613832,242,282.0
33,222,-3.093392,55.61405,242,258.0
33,223,-3.092963,55.614395,242,262.0
33,224,-3.092619,55.614938,242,262.0
33,225,-3.09248,55.615283,242,224.0
33,226,-3.092555,55.615925,242,245.0
33,227,-3.092668,55.616374,242,245.0
33,228,-3.092968,55.616831,242,217.0
33,229,-3.093091,55.617173,242,217.0
33,230,-3.093177,55.617355,242,217.0
33,231,-3.093327,55.617534,242,214.0
33,232,-3.093343,55.617813,242,214.0
33,233,-3.093376,55.618052,242,214.0
33,234,-3.093306,55.618419,242,207.0
33,235,-3.093338,55.618694,242,207.0
33,236,-3.093402,55.619112,242,207.0
33,237,-3.09351,55.619848,242,188.0
33,238,-3.093805,55.620439,242,212.0
33,239,-3.093891,55.620833,242,191.0
33,240,-3.094212,55.621305,242,191.0
33,241,-3.094248,55.621532,242,191.0
34,0,-4.347159,55.065848,239,214.0
34,1,-4.347874,55.065141,239,233.0
34,2,-4.348582,55.064322,239,231.0
34,3,-4.349511,55.063645,239,249.0
34,4,-4.35034,55.063289,239,250.0
34,5,-4.350466,55.063239,239,250.0
34,6,-4.351225,55.06297,239,250.0
34,7,-4.351599,55.06281,239,264.0
34,8,-4.35202,55.062431,239,257.0
34,9,-4.352136,55.062151,239,257.0
34,10,-4.352256,55.061289,239,257.0
34,11,-4.352233,55.060968,239,257.0
34,12,-4.352329,55.060744,239,274.0
34,13,-4.352644,55.060497,239,277.0
34,14,-4.353102,55.060219,239,277.0
34,15,-4.354457,55.059749,239,292.0
34,16,-4.35549,55.059607,239,293.0
34,17,-4.356126,55.059451,239,293.0
34,18,-4.35734,55.059286,239,299.0
34,19,-4.359356,55.05913,239,323.0
34,20,-4.360171,55.05899,239,323.0
34,21,-4.360718,55.058745,239,323.0
34,22,-4.36214,55.057612,239,332.0
34,23,-4.36292,55.057018,239,331.0
34,24,-4.363893,55.056328,239,330.0
34,25,-4.364385,55.055553,239,346.0
34,26,-4.364663,55.055304,239,346.0
34,27,-4.366014,55.054333,239,350.0
34,28,-4.366423,55.053995,239,352.0
34,29,-4.366807,55.053847,239,352.0
34,30,-4.366848,55.053827,239,352.0
34,31,-4.367097,55.053707,239,352.0
34,32,-4.367236,55.05358,239,352.0
34,33,-4.367239,55.053402,239,352.0
34,34,-4.367167,55.053266,239,355.0
34,35,-4.366807,55.053075,239,355.0
34,36,-4.366639,55.05291,239,355.0
34,37,-4.366584,55.05272,239,355.0
34,38,-4.366592,55.052574,239,355.0
34,39,-4.366579,55.052224,239,353.0
34,40,-4.366659,55.051888,239,353.0
34,41,-4.366643,55.051642,239,363.0
34,42,-4.366229,55.050633,239,358.0
34,43,-4.365991,55.050338,239,358.0
34,44,-4.365793,55.050043,239,358.0
34,45,-4.365458,55.049884,239,361.0
34,46,-4.364743,55.049465,239,349.0
34,47,-4.364448,55.048988,239,353.0
34,48,-4.364119,55.048511,239,353.0
34,49,-4.363285,55.047809,239,336.0
34,50,-4.362455,55.047221,239,316.0
34,51,-4.36202,55.046822,239,316.0
34,52,-4.361791,55.046367,239,324.0
34,53,-4.361316,55.045879,239,324.0
34,54,-4.360903,55.045412,239,298.0
34,55,-4.360512,55.044804,239,310.0
34,56,-4.360385,55.044392,239,310.0
34,57,-4.360227,55.043825,239,311.0
34,58,-4.360247,55.043624,239,311.0
34,59,-4.360391,55.043251,239,309.0
34,60,-4.360897,55.04275,239,309.0
34,61,-4.361105,55.042124,239,307.0
34,62,-4.361253,55.041906,239,307.0
34,63,-4.361717,55.041466,239,329.0
34,64,-4.361833,55.041177,239,329.0
34,65,-4.361806,55.040652,239,329.0
34,66,-4.361795,55.040444,239,329.0
34,67,-4.361867,55.039794,239,324.0
34,68,-4.361781,55.03949,239,324.0
34,69,-4.361804,55.039309,239,324.0
34,70,-4.362103,55.039163,239,324.0
34,71,-4.362901,55.039,239,323.0
34,72,-4.363723,55.038835,239,323.0
34,73,-4.364899,55.038774,239,323.0
34,74,-4.366026,55.038637,239,327.0
34,75,-4.366354,55.038514,239,326.0
34,76,-4.36685,55.038216,239,315.0
34,77,-4.367221,55.038101,239,315.0
34,78,-4.367568,55.037936,239,315.0
34,79,-4.367947,55.037679,239,315.0
34,80,-4.368553,55.037539,239,315.0
34,81,-4.368928,55.037347,239,308.0
34,82,-4.369308,55.036974,239,308.0
34,83,-4.369914,55.036526,239,300.0
34,84,-4.369966,55.036275,239,300.0
34,85,-4.369918,55.036103,239,300.0
34,86,-4.369896,55.036065,239,300.0
34,87,-4.369699,55.035721,239,299.0
34,88,-4.369347,55.034883,239,295.0
34,89,-4.36906,55.034385,239,295.0
34,90,-4.368795,55.0341,239,287.0
34,91,-4.36862,55.033962,239,285.0
34,92,-4.368529,55.033835,239,285.0
34,93,-4.368515,55.033491,239,285.0
34,94,-4.368411,55.033308,239,280.0
34,95,-4.36818,55.033214,239,280.0
34,96,-4.367422,55.03291,239,279.0
34,97,-4.366627,55.03261,239,279.0
34,98,-4.366456,55.032466,239,279.0
34,99,-4.366503,55.032293,239,279.0
34,100,-4.366919,55.032007,239,279.0
34,101,-4.366897,55.031927,239,279.0
34,102,-4.366808,55.031819,239,279.0
34,103,-4.36583,55.031103,239,274.0
34,104,-4.365484,55.030849,239,274.0
34,105,-4.365091,55.030634,239,271.0
34,106,-4.364655,55.030576,239,268.0
34,107,-4.363925,55.030615,239,268.0
34,108,-4.362604,55.030462,239,271.0
34,109,-4.361468,55.030319,239,273.0
34,110,-4.360622,55.030327,239,282.0
34,111,-4.35893,55.030208,239,273.0
34,112,-4.357537,55.030237,239,268.0
34,113,-4.356387,55.029958,239,233.0
34,114,-4.356146,55.029899,239,234.0
34,115,-4.35552,55.029914,239,234.0
34,116,-4.355105,55.030026,239,238.0
34,117,-4.353739,55.031048,239,236.0
34,118,-4.353088,55.031566,239,236.0
34,119,-4.352726,55.031683,239,250.0
34,120,-4.352068,55.031581,239,213.0
34,121,-4.351853,55.031394,239,213.0
34,122,-4.351779,55.03119,239,213.0
34,123,-4.351797,55.031047,239,213.0
34,124,-4.351862,55.030971,239,213.0
34,125,-4.352168,55.03069,239,215.0
34,126,-4.352248,55.030548,239,215.0
34,127,-4.352281,55.030393,239,215.0
34,128,-4.352234,55.029997,239,215.0
34,129,-4.35229,55.029805,239,202.0
34,130,-4.352357,55.029681,239,202.0
34,131,-4.35252,55.029535,239,229.0
34,132,-4.352774,55.029351,239,229.0
34,133,-4.352936,55.029233,239,229.0
34,134,-4.353233,55.028974,239,211.0
34,135,-4.353554,55.028553,239,211.0
34,136,-4.353835,55.028355,239,248.0
34,137,-4.35499,55.027644,239,220.0
34,138,-4.355618,55.027164,239,211.0
34,139,-4.355821,55.027043,239,211.0
34,140,-4.356191,55.026893,239,211.0
34,141,-4.356809,55.026656,239,238.0
34,142,-4.35691,55.026542,239,190.0
34,143,-4.356907,55.026393,239,190.0
34,144,-4.356797,55.02607,239,190.0
34,145,-4.356764,55.025855,239,190.0
34,146,-4.357062,55.025712,239,165.0
34,147,-4.358357,55.025114,239,166.0
34,148,-4.358558,55.024995,239,166.0
34,149,-4.35893,55.024799,239,167.0
34,150,-4.359317,55.024646,239,167.0
34,151,-4.359907,55.024487,239,167.0
34,152,-4.360527,55.02432,239,170.0
34,153,-4.360643,55.024282,239,170.0
34,154,-4.360797,55.02423,239,170.0
34,155,-4.360907,55.024204,239,170.0
34,156,-4.361042,55.024172,239,170.0
34,157,-4.361146,55.024144,239,164.0
34,158,-4.361323,55.02411,239,175.0
34,159,-4.362301,55.024132,239,175.0
34,160,-4.362656,55.024103,239,195.0
34,161,-4.362931,55.024039,239,195.0
34,162,-4.363152,55.023949,239,195.0
34,163,-4.363721,55.023703,239,195.0
34,164,-4.363794,55.023671,239,227.0
34,165,-4.364188,55.023544,239,227.0
34,166,-4.364859,55.023361,239,227.0
34,167,-4.36522,55.023154,239,228.0
34,168,-4.365646,55.022926,239,228.0
34,169,-4.366165,55.022843,239,228.0
34,170,-4.366556,55.022729,239,247.0
34,171,-4.366957,55.022537,239,247.0
34,172,-4.36758,55.02224,239,227.0
34,173,-4.367977,55.022098,239,227.0
34,174,-4.368411,55.021969,239,227.0
34,175,-4.369168,55.021886,239,234.0
34,176,-4.369568,55.021779,239,234.0
34,177,-4.370435,55.021415,239,227.0
34,178,-4.370612,55.021333,239,227.0
34,179,-4.371209,55.020921,239,227.0
34,180,-4.372762,55.019539,239,226.0
34,181,-4.372936,55.019342,239,226.0
34,182,-4.373401,55.018778,239,206.0
34,183,-4.374625,55.017292,239,206.0
34,184,-4.375265,55.016856,239,222.0
34,185,-4.37604,55.016129,239,212.0
34,186,-4.376593,55.015649,239,212.0
34,187,-4.377679,55.01479,239,225.0
34,188,-4.378738,55.014133,239,223.0
34,189,-4.379784,55.013165,239,228.0
34,190,-4.380206,55.012831,239,245.0
34,191,-4.380689,55.012351,239,219.0
34,192,-4.381265,55.011925,239,236.0
34,193,-4.381962,55.011218,239,215.0
34,194,-4.383157,55.010452,239,199.0
34,195,-4.385041,55.009657,239,170.0
34,196,-4.385934,55.009447,239,170.0
34,197,-4.387602,55.008499,239,169.0
34,198,-4.38935,55.007785,239,168.0
34,199,-4.390007,55.007319,239,172.0
34,200,-4.392458,55.006231,239,165.0
34,201,-4.393163,55.005488,239,153.0
34,202,-4.39451,55.004531,239,151.0
34,203,-4.395023,55.004372,239,153.0
34,204,-4.39586,55.004112,239,155.0
34,205,-4.396211,55.003952,239,155.0
34,206,-4.39667,55.003742,239,155.0
34,207,-4.398757,55.002094,239,157.0
34,208,-4.398911,55.001903,239,155.0
34,209,-4.398875,55.001359,239,174.0
34,210,-4.398912,55.001203,239,174.0
34,211,-4.399085,55.001023,239,174.0
34,212,-4.399751,55.00073,239,177.0
34,213,-4.400112,55.00007,239,184.0
34,214,-4.400246,54.999742,239,192.0
34,215,-4.400426,54.999459,239,192.0
34,216,-4.400943,54.998825,239,192.0
34,217,-4.401158,54.998707,239,192.0
34,218,-4.402167,54.998263,239,176.0
34,219,-4.402314,54.99816,239,176.0
34,220,-4.402891,54.997721,239,170.0
34,221,-4.404031,54.997427,239,192.0
34,222,-4.404604,54.997035,239,192.0
34,223,-4.404883,54.996785,239,192.0
34,224,-4.405265,54.996549,239,202.0
34,225,-4.406393,54.995747,239,199.0
34,226,-4.406738,54.99544,239,199.0
34,227,-4.40715,54.994925,239,185.0
34,228,-4.407693,54.994343,239,192.0
34,229,-4.408355,54.994144,239,180.0
34,230,-4.408535,54.99406,239,180.0
34,231,-4.41015,54.99331,239,184.0
34,232,-4.410603,54.993198,239,184.0
34,233,-4.411814,54.992846,239,180.0
34,234,-4.412007,54.992732,239,180.0
34,235,-4.411943,54.992568,239,180.0
34,236,-4.411749,54.992433,239,169.0
34,237,-4.410077,54.991613,239,169.0
34,238,-4.40967,54.991557,239,174.0
35,0,-4.574362,55.079238,495,135.0
35,1,-4.574689,55.079307,495,135.0
35,2,-4.578467,55.079728,495,133.0
35,3,-4.577945,55.080886,495,153.0
35,4,-4.577541,55.082314,495,163.0
35,5,-4.577287,55.082851,495,171.0
35,6,-4.576909,55.083295,495,171.0
35,7,-4.576019,55.084234,495,184.0
35,8,-4.574202,55.085819,495,181.0
35,9,-4.573669,55.086364,495,178.0
35,10,-4.573395,55.086806,495,188.0
35,11,-4.573172,55.087594,495,195.0
35,12,-4.572972,55.088877,495,202.0
35,13,-4.572657,55.089307,495,221.0
35,14,-4.572495,55.089974,495,198.0
35,15,-4.572409,55.090154,495,206.0
35,16,-4.572156,55.090682,495,206.0
35,17,-4.570999,55.092566,495,221.0
35,18,-4.570384,55.093575,495,233.0
35,19,-4.570126,55.09456,495,231.0
35,20,-4.57015,55.094833,495,231.0
35,21,-4.57049,55.095231,495,227.0
35,22,-4.570934,55.095435,495,227.0
35,23,-4.573288,55.096305,495,228.0
35,24,-4.574558,55.096615,495,236.0
35,25,-4.574914,55.096837,495,224.0
35,26,-4.575205,55.097189,495,231.0
35,27,-4.575463,55.097818,495,229.0
35,28,-4.575326,55.098193,495,229.0
35,29,-4.57425,55.099785,495,225.0
35,30,-4.574186,55.100183,495,225.0
35,31,-4.57438,55.100697,495,225.0
35,32,-4.574986,55.101983,495,217.0
35,33,-4.575326,55.102552,495,218.0
35,34,-4.57531,55.102825,495,218.0
35,35,-4.574951,55.103704,495,225.0
35,36,-4.574186,55.105573,495,227.0
35,37,-4.576992,55.105999,495,234.0
35,38,-4.578949,55.106582,495,239.0
35,39,-4.580049,55.106929,495,240.0
35,40,-4.58051,55.106975,495,240.0
35,41,-4.580866,55.106915,495,240.0
35,42,-4.581125,55.106772,495,240.0
35,43,-4.581529,55.106476,495,243.0
35,44,-4.582176,55.106096,495,243.0
35,45,-4.582556,55.105749,495,247.0
35,46,-4.582807,55.105347,495,247.0
35,47,-4.583195,55.105138,495,247.0
35,48,-4.583874,55.105,495,252.0
35,49,-4.585266,55.104967,495,252.0
35,50,-4.585791,55.104833,495,252.0
35,51,-4.585963,55.104756,495,252.0
35,52,-4.586649,55.104449,495,252.0
35,53,-4.587239,55.104347,495,252.0
35,54,-4.587757,55.104366,495,253.0
35,55,-4.588857,55.104676,495,255.0
35,56,-4.589253,55.10463,495,255.0
35,57,-4.591266,55.103735,495,255.0
35,58,-4.591856,55.103575,495,255.0
35,59,-4.593999,55.103167,495,245.0
35,60,-4.595784,55.102882,495,239.0
35,61,-4.596245,55.102743,495,239.0
35,62,-4.59699,55.102355,495,235.0
35,63,-4.597482,55.102287,495,235.0
35,64,-4.598564,55.102376,495,236.0
35,65,-4.599304,55.10229,495,239.0
35,66,-4.600117,55.102065,495,250.0
35,67,-4.600285,55.101969,495,250.0
35,68,-4.600552,55.101816,495,250.0
35,69,-4.601721,55.10083,495,248.0
35,70,-4.60315,55.099406,495,234.0
35,71,-4.603916,55.0986,495,234.0
35,72,-4.604377,55.098242,495,223.0
35,73,-4.605252,55.097747,495,230.0
35,74,-4.605838,55.097467,495,219.0
35,75,-4.606232,55.097309,495,219.0
35,76,-4.606572,55.097191,495,220.0
35,77,-4.606923,55.097096,495,220.0
35,78,-4.607332,55.096998,495,220.0
35,79,-4.607936,55.096874,495,219.0
35,80,-4.608618,55.096764,495,219.0
35,81,-4.609199,55.096691,495,221.0
35,82,-4.609476,55.096666,495,221.0
35,83,-4.60978,55.096655,495,214.0
35,84,-4.610127,55.096688,495,210.0
35,85,-4.610752,55.09682,495,210.0
35,86,-4.610939,55.096856,495,210.0
35,87,-4.611034,55.096867,495,210.0
35,88,-4.611142,55.096862,495,210.0
35,89,-4.611241,55.096838,495,210.0
35,90,-4.611331,55.096785,495,193.0
35,91,-4.611513,55.096673,495,193.0
35,92,-4.611648,55.096556,495,197.0
35,93,-4.611845,55.096348,495,197.0
35,94,-4.612039,55.096106,495,197.0
35,95,-4.612165,55.095972,495,197.0
35,96,-4.612266,55.0959,495,197.0
35,97,-4.612373,55.095823,495,201.0
35,98,-4.612785,55.095527,495,191.0
35,99,-4.613093,55.095265,495,191.0
35,100,-4.613272,55.095173,495,191.0
35,101,-4.613459,55.095103,495,191.0
35,102,-4.613646,55.09505,495,191.0
35,103,-4.613885,55.095037,495,185.0
35,104,-4.614288,55.095069,495,185.0
35,105,-4.614546,55.095073,495,185.0
35,106,-4.614813,55.095025,495,185.0
35,107,-4.615083,55.094962,495,181.0
35,108,-4.615365,55.094884,495,181.0
35,109,-4.615688,55.094771,495,181.0
35,110,-4.616255,55.094549,495,181.0
35,111,-4.616797,55.094384,495,183.0
35,112,-4.617018,55.094357,495,183.0
35,113,-4.617082,55.094349,495,183.0
35,114,-4.617311,55.094327,495,183.0
35,115,-4.617344,55.094327,495,183.0
35,116,-4.617563,55.094329,495,186.0
35,117,-4.617923,55.094357,495,186.0
35,118,-4.618506,55.094415,495,186.0
35,119,-4.618788,55.094449,495,187.0
35,120,-4.619304,55.094503,495,187.0
35,121,-4.619548,55.094515,495,187.0
35,122,-4.619844,55.094511,495,187.0
35,123,-4.620514,55.094463,495,197.0
35,124,-4.620547,55.094782,495,197.0
35,125,-4.620587,55.095237,495,195.0
35,126,-4.620612,55.095404,495,195.0
35,127,-4.620684,55.09554,495,195.0
35,128,-4.620814,55.095726,495,195.0
35,129,-4.621053,55.095997,495,195.0
35,130,-4.621148,55.096134,495,195.0
35,131,-4.62119,55.096265,495,195.0
35,132,-4.621209,55.09639,495,195.0
35,133,-4.621185,55.096557,495,195.0
35,134,-4.621119,55.096902,495,200.0
35,135,-4.621068,55.097236,495,200.0
35,136,-4.621073,55.097426,495,200.0
35,137,-4.6211,55.097592,495,206.0
35,138,-4.621187,55.097874,495,206.0
35,139,-4.621288,55.098228,495,212.0
35,140,-4.621317,55.098416,495,213.0
35,141,-4.621329,55.098585,495,213.0
35,142,-4.621359,55.100509,495,220.0
35,143,-4.621273,55.100859,495,224.0
35,144,-4.621115,55.101135,495,223.0
35,145,-4.621022,55.101298,495,223.0
35,146,-4.620711,55.101847,495,228.0
35,147,-4.620597,55.102087,495,228.0
35,148,-4.620534,55.102317,495,228.0
35,149,-4.62042,55.102985,495,230.0
35,150,-4.62048,55.103598,495,232.0
35,151,-4.62052,55.103985,495,232.0
35,152,-4.620485,55.104206,495,234.0
35,153,-4.620444,55.104463,495,234.0
35,154,-4.620267,55.105048,495,238.0
35,155,-4.619943,55.105617,495,241.0
35,156,-4.6194,55.106175,495,244.0
35,157,-4.619304,55.106274,495,244.0
35,158,-4.618472,55.107022,495,244.0
35,159,-4.617946,55.107496,495,241.0
35,160,-4.617493,55.108051,495,247.0
35,161,-4.616959,55.109305,495,235.0
35,162,-4.616296,55.110091,495,229.0
35,163,-4.615527,55.110563,495,236.0
35,164,-4.614435,55.111137,495,243.0
35,165,-4.612244,55.112501,495,250.0
35,166,-4.610535,55.113314,495,256.0
35,167,-4.61006,55.113565,495,250.0
35,168,-4.60943,55.114094,495,255.0
35,169,-4.608958,55.114741,495,247.0
35,170,-4.608569,55.115113,495,256.0
35,171,-4.607739,55.115837,495,257.0
35,172,-4.606211,55.117781,495,269.0
35,173,-4.605754,55.118232,495,269.0
35,174,-4.60432,55.119265,495,288.0
35,175,-4.603477,55.119929,495,280.0
35,176,-4.603109,55.120358,495,286.0
35,177,-4.602886,55.120837,495,285.0
35,178,-4.602799,55.121332,495,285.0
35,179,-4.602787,55.12191,495,284.0
35,180,-4.602841,55.122372,495,284.0
35,181,-4.602818,55.122427,495,284.0
35,182,-4.602742,55.122606,495,282.0
35,183,-4.602224,55.123231,495,267.0
35,184,-4.601959,55.123724,495,258.0
35,185,-4.601785,55.124164,495,252.0
35,186,-4.599613,55.123981,495,255.0
35,187,-4.599019,55.123993,495,255.0
35,188,-4.598645,55.124125,495,259.0
35,189,-4.59814,55.124402,495,254.0
35,190,-4.59712,55.125298,495,249.0
35,191,-4.596809,55.125571,495,249.0
35,192,-4.595941,55.126112,495,246.0
35,193,-4.592758,55.127988,495,237.0
35,194,-4.591928,55.12818,495,234.0
35,195,-4.590883,55.128425,495,225.0
35,196,-4.589944,55.128566,495,229.0
35,197,-4.588957,55.128672,495,229.0
35,198,-4.588377,55.128657,495,230.0
35,199,-4.586112,55.128217,495,239.0
35,200,-4.585221,55.127997,495,239.0
35,201,-4.584948,55.127985,495,238.0
35,202,-4.584645,55.127976,495,238.0
35,203,-4.584382,55.127996,495,238.0
35,204,-4.583583,55.128148,495,234.0
35,205,-4.581417,55.128192,495,230.0
35,206,-4.580395,55.128532,495,226.0
35,207,-4.578431,55.128866,495,221.0
35,208,-4.578064,55.128928,495,221.0
35,209,-4.572309,55.131166,495,220.0
35,210,-4.570478,55.131715,495,219.0
35,211,-4.570784,55.132021,495,219.0
35,212,-4.573047,55.134278,495,216.0
35,213,-4.573545,55.134903,495,216.0
35,214,-4.57447,55.136553,495,224.0
35,215,-4.574976,55.137761,495,229.0
35,216,-4.575028,55.138397,495,244.0
35,217,-4.575643,55.139636,495,239.0
35,218,-4.576361,55.140394,495,234.0
35,219,-4.57651,55.140982,495,226.0
35,220,-4.576697,55.141237,495,226.0
35,221,-4.578299,55.141873,495,213.0
35,222,-4.579024,55.141944,495,214.0
35,223,-4.579342,55.142041,495,214.0
35,224,-4.579566,55.142214,495,214.0
35,225,-4.579723,55.142573,495,209.0
35,226,-4.579939,55.14286,495,209.0
35,227,-4.580465,55.143343,495,209.0
35,228,-4.581726,55.144061,495,211.0
35,229,-4.582304,55.144497,495,213.0
35,230,-4.582949,55.144982,495,220.0
35,231,-4.583124,55.145178,495,224.0
35,232,-4.583072,55.145607,495,224.0
35,233,-4.58346,55.146206,495,226.0
35,234,-4.583436,55.146764,495,226.0
35,235,-4.583558,55.147267,495,226.0
35,236,-4.5836,55.147437,495,226.0
35,237,-4.583543,55.147687,495,232.0
35,238,-4.583291,55.148025,495,232.0
35,239,-4.582969,55.148262,495,232.0
35,240,-4.582894,55.148393,495,238.0
35,241,-4.583314,55.148468,495,238.0
35,242,-4.583679,55.148534,495,238.0
35,243,-4.584496,55.148505,495,241.0
35,244,-4.584981,55.148496,495,241.0
35,245,-4.585594,55.148608,495,246.0
35,246,-4.586056,55.148636,495,246.0
35,247,-4.586581,55.148597,495,245.0
35,248,-4.587213,55.148614,495,245.0
35,249,-4.588362,55.148472,495,240.0
35,250,-4.589388,55.148351,495,235.0
35,251,-4.589973,55.148534,495,235.0
35,252,-4.590299,55.148573,495,236.0
35,253,-4.590538,55.148589,495,236.0
35,254,-4.591137,55.148472,495,236.0
35,255,-4.591657,55.148297,495,225.0
35,256,-4.5921,55.148105,495,225.0
35,257,-4.592457,55.148114,495,225.0
35,258,-4.592715,55.14817,495,221.0
35,259,-4.592799,55.148188,495,221.0
35,260,-4.593078,55.148372,495,223.0
35,261,-4.593358,55.148644,495,223.0
35,262,-4.593609,55.148741,495,223.0
35,263,-4.594146,55.1488,495,222.0
35,264,-4.59458,55.148933,495,222.0
35,265,-4.595,55.14924,495,229.0
35,266,-4.595317,55.149673,495,225.0
35,267,-4.595479,55.149835,495,225.0
35,268,-4.595483,55.150315,495,228.0
35,269,-4.595484,55.150505,495,228.0
35,270,-4.595186,55.150966,495,228.0
35,271,-4.595335,55.151215,495,228.0
35,272,-4.595781,55.151537,495,228.0
35,273,-4.595739,55.151762,495,235.0
35,274,-4.595505,55.152096,495,235.0
35,275,-4.595197,55.152345,495,235.0
35,276,-4.59474,55.153299,495,239.0
35,277,-4.594059,55.154197,495,244.0
35,278,-4.593996,55.154556,495,244.0
35,279,-4.594006,55.155588,495,253.0
35,280,-4.59441,55.156092,495,252.0
35,281,-4.595207,55.156766,495,259.0
35,282,-4.595611,55.157125,495,259.0
35,283,-4.595867,55.157702,495,260.0
35,284,-4.595909,55.158758,495,263.0
35,285,-4.595909,55.159281,495,260.0
35,286,-4.595569,55.159961,495,260.0
35,287,-4.595728,55.160343,495,264.0
35,288,-4.59609,55.160696,495,264.0
35,289,-4.596096,55.160698,495,264.0
35,290,-4.596972,55.161011,495,269.0
35,291,-4.598418,55.161351,495,268.0
35,292,-4.598939,55.161685,495,274.0
35,293,-4.599576,55.162189,495,274.0
35,294,-4.601001,55.163471,495,285.0
35,295,-4.601171,55.163799,495,285.0
35,296,-4.601118,55.164084,495,285.0
35,297,-4.600799,55.164728,495,288.0
35,298,-4.600182,55.16545,495,291.0
35,299,-4.600118,55.165924,495,304.0
35,300,-4.600395,55.166246,495,304.0
35,301,-4.601245,55.16698,495,314.0
35,302,-4.601245,55.16726,495,314.0
35,303,-4.600852,55.167636,495,320.0
35,304,-4.600405,55.167909,495,320.0
35,305,-4.599449,55.16834,495,329.0
35,306,-4.599279,55.168577,495,329.0
35,307,-4.59897,55.169476,495,330.0
35,308,-4.59913,55.169743,495,330.0
35,309,-4.599736,55.17004,495,335.0
35,310,-4.600044,55.17015,495,339.0
35,311,-4.599997,55.170354,495,335.0
35,312,-4.600637,55.170683,495,339.0
35,313,-4.60108,55.171203,495,337.0
35,314,-4.60147,55.171501,495,335.0
35,315,-4.601562,55.17175,495,345.0
35,316,-4.601859,55.172014,495,345.0
35,317,-4.601897,55.1721,495,345.0
35,318,-4.602064,55.172478,495,345.0
35,319,-4.602064,55.172693,495,339.0
35,320,-4.602295,55.172942,495,339.0
35,321,-4.604138,55.173576,495,345.0
35,322,-4.604825,55.174017,495,345.0
35,323,-4.605208,55.17433,495,350.0
35,324,-4.605327,55.174911,495,350.0
35,325,-4.605591,55.175156,495,346.0
35,326,-4.606232,55.175635,495,346.0
35,327,-4.606252,55.176178,495,346.0
35,328,-4.60637,55.176435,495,348.0
35,329,-4.60674,55.176616,495,348.0
35,330,-4.607143,55.176997,495,346.0
35,331,-4.608392,55.177284,495,347.0
35,332,-4.609415,55.177325,495,345.0
35,333,-4.610479,55.17717,495,349.0
35,334,-4.611179,55.176752,495,349.0
35,335,-4.613306,55.176344,495,349.0
35,336,-4.613768,55.176197,495,370.0
35,337,-4.614666,55.17585,495,370.0
35,338,-4.616271,55.174983,495,362.0
35,339,-4.616958,55.174775,495,362.0
35,340,-4.61748,55.174191,495,362.0
35,341,-4.618035,55.17407,495,353.0
35,342,-4.618788,55.173753,495,361.0
35,343,-4.619983,55.1735,495,361.0
35,344,-4.622711,55.172859,495,343.0
35,345,-4.624316,55.172844,495,333.0
35,346,-4.625214,55.172678,495,331.0
35,347,-4.626496,55.172648,495,332.0
35,348,-4.627585,55.172582,495,332.0
35,349,-4.628814,55.172508,495,331.0
35,350,-4.629527,55.172478,495,322.0
35,351,-4.628867,55.171886,495,322.0
35,352,-4.628273,55.171577,495,316.0
35,353,-4.628266,55.171452,495,316.0
35,354,-4.628649,55.170875,495,316.0
35,355,-4.628689,55.170577,495,308.0
35,356,-4.628695,55.17023,495,308.0
35,357,-4.628365,55.169871,495,302.0
35,358,-4.628233,55.169611,495,302.0
35,359,-4.62783,55.169411,495,302.0
35,360,-4.627738,55.169083,495,298.0
35,361,-4.627929,55.168521,495,298.0
35,362,-4.628808,55.167868,495,286.0
35,363,-4.629026,55.167367,495,289.0
35,364,-4.62931,55.167068,495,289.0
35,365,-4.629567,55.166597,495,289.0
35,366,-4.62962,55.166386,495,289.0
35,367,-4.629356,55.166088,495,289.0
35,368,-4.62925,55.16591,495,289.0
35,369,-4.62931,55.165759,495,283.0
35,370,-4.62958,55.165616,495,283.0
35,371,-4.630023,55.165371,495,275.0
35,372,-4.630234,55.165163,495,275.0
35,373,-4.630241,55.164835,495,278.0
35,374,-4.629917,55.164341,495,290.0
35,375,-4.629963,55.163884,495,285.0
35,376,-4.629521,55.163092,495,280.0
35,377,-4.629488,55.162352,495,279.0
35,378,-4.629243,55.16219,495,279.0
35,379,-4.628642,55.16182,495,295.0
35,380,-4.628695,55.160711,495,271.0
35,381,-4.628755,55.160462,495,271.0
35,382,-4.629561,55.160005,495,270.0
35,383,-4.629706,55.159654,495,264.0
35,384,-4.629745,55.159156,495,258.0
35,385,-4.629938,55.158839,495,258.0
35,386,-4.630047,55.158781,495,256.0
35,387,-4.630665,55.158455,495,256.0
35,388,-4.631317,55.158042,495,247.0
35,389,-4.631334,55.157749,495,247.0
35,390,-4.63127,55.157462,495,252.0
35,391,-4.630655,55.157129,495,259.0
35,392,-4.630268,55.156797,495,259.0
35,393,-4.630136,55.15641,495,255.0
35,394,-4.629699,55.155915,495,258.0
35,395,-4.62941,55.155254,495,261.0
35,396,-4.629154,55.155023,495,261.0
35,397,-4.627536,55.154306,495,262.0
35,398,-4.625232,55.153264,495,252.0
35,399,-4.623449,55.152499,495,260.0
35,400,-4.62259,55.152353,495,252.0
35,401,-4.621517,55.152108,495,251.0
35,402,-4.618834,55.15132,495,248.0
35,403,-4.617785,55.150952,495,252.0
35,404,-4.616489,55.150749,495,244.0
35,405,-4.616255,55.150685,495,245.0
35,406,-4.615977,55.150608,495,245.0
35,407,-4.61564,55.150325,495,245.0
35,408,-4.616063,55.150117,495,245.0
35,409,-4.616332,55.150002,495,244.0
35,410,-4.616602,55.149821,495,238.0
35,411,-4.616665,55.149567,495,238.0
35,412,-4.616639,55.149371,495,238.0
35,413,-4.616639,55.149075,495,236.0
35,414,-4.616771,55.148897,495,236.0
35,415,-4.617109,55.148649,495,236.0
35,416,-4.617558,55.148387,495,237.0
35,417,-4.617949,55.148308,495,233.0
35,418,-4.618599,55.148266,495,233.0
35,419,-4.619011,55.147876,495,238.0
35,420,-4.618995,55.14745,495,246.0
35,421,-4.61916,55.146967,495,246.0
35,422,-4.619834,55.146593,495,238.0
35,423,-4.620158,55.146253,495,242.0
35,424,-4.620915,55.145946,495,242.0
35,425,-4.621041,55.145642,495,235.0
35,426,-4.621122,55.145292,495,235.0
35,427,-4.621037,55.145132,495,235.0
35,428,-4.620851,55.144982,495,213.0
35,429,-4.620226,55.144755,495,213.0
35,430,-4.617871,55.144453,495,218.0
35,431,-4.617284,55.144267,495,218.0
35,432,-4.616819,55.144077,495,217.0
35,433,-4.615867,55.143948,495,219.0
35,434,-4.615297,55.143779,495,219.0
35,435,-4.614075,55.142849,495,218.0
35,436,-4.613818,55.142779,495,218.0
35,437,-4.614051,55.142387,495,218.0
35,438,-4.614724,55.141784,495,218.0
35,439,-4.614937,55.141263,495,206.0
35,440,-4.614949,55.141125,495,206.0
35,441,-4.614989,55.140671,495,206.0
35,442,-4.614866,55.140349,495,206.0
35,443,-4.614606,55.140127,495,206.0
35,444,-4.615042,55.139537,495,201.0
35,445,-4.615674,55.138908,495,205.0
35,446,-4.616231,55.13843,495,205.0
35,447,-4.617496,55.137638,495,207.0
35,448,-4.618675,55.136592,495,216.0
35,449,-4.619383,55.136269,495,210.0
35,450,-4.619805,55.135967,495,210.0
35,451,-4.620727,55.135525,495,211.0
35,452,-4.620995,55.135223,495,211.0
35,453,-4.621072,55.134949,495,219.0
35,454,-4.621167,55.134782,495,219.0
35,455,-4.621342,55.134633,495,212.0
35,456,-4.621707,55.134543,495,212.0
35,457,-4.622429,55.134506,495,212.0
35,458,-4.623952,55.133702,495,210.0
35,459,-4.624095,55.133591,495,210.0
35,460,-4.624073,55.133395,495,210.0
35,461,-4.623377,55.131781,495,223.0
35,462,-4.623153,55.131062,495,224.0
35,463,-4.623141,55.130643,495,226.0
35,464,-4.623183,55.130435,495,226.0
35,465,-4.623238,55.130168,495,226.0
35,466,-4.62344,55.129908,495,228.0
35,467,-4.624016,55.12942,495,224.0
35,468,-4.624577,55.129044,495,224.0
35,469,-4.625281,55.128676,495,220.0
35,470,-4.627084,55.128077,495,220.0
35,471,-4.6276,55.127794,495,217.0
35,472,-4.628281,55.126832,495,217.0
35,473,-4.628662,55.126302,495,215.0
35,474,-4.630159,55.124791,495,206.0
35,475,-4.63051,55.124513,495,206.0
35,476,-4.631079,55.124248,495,206.0
35,477,-4.631722,55.123932,495,200.0
35,478,-4.633353,55.122421,495,192.0
35,479,-4.635388,55.1208,495,189.0
35,480,-4.635897,55.120458,495,189.0
35,481,-4.636525,55.120299,495,188.0
35,482,-4.637094,55.120133,495,188.0
35,483,-4.63776,55.119692,495,186.0
35,484,-4.637984,55.119457,495,186.0
35,485,-4.638231,55.118704,495,186.0
35,486,-4.638703,55.117942,495,186.0
35,487,-4.639077,55.117527,495,187.0
35,488,-4.640685,55.11591,495,188.0
35,489,-4.641979,55.114112,495,185.0
35,490,-4.642334,55.112523,495,185.0
35,491,-4.642482,55.11198,495,185.0
35,492,-4.642513,55.111816,495,183.0
35,493,-4.642515,55.111609,495,188.0
35,494,-4.642494,55.111499,495,186.0
36,0,-3.583615,55.188345,626,229.0
36,1,-3.584638,55.188665,626,225.0
36,2,-3.585519,55.188826,626,224.0
36,3,-3.58633,55.189018,626,213.0
36,4,-3.586415,55.189038,626,213.0
36,5,-3.587699,55.189458,626,214.0
36,6,-3.588119,55.189642,626,214.0
36,7,-3.588507,55.189915,626,214.0
36,8,-3.588555,55.189961,626,214.0
36,9,-3.588843,55.190237,626,212.0
36,10,-3.588875,55.190275,626,212.0
36,11,-3.589353,55.190834,626,223.0
36,12,-3.590088,55.191695,626,220.0
36,13,-3.590884,55.192659,626,231.0
36,14,-3.59092,55.192704,626,231.0
36,15,-3.59121,55.193176,626,231.0
36,16,-3.591494,55.19381,626,225.0
36,17,-3.591561,55.19396,626,225.0
36,18,-3.591975,55.194488,626,221.0
36,19,-3.591985,55.194645,626,221.0
36,20,-3.591902,55.195031,626,237.0
36,21,-3.59201,55.195242,626,237.0
36,22,-3.592187,55.195356,626,237.0
36,23,-3.592512,55.195483,626,221.0
36,24,-3.593101,55.195629,626,221.0
36,25,-3.593344,55.195689,626,221.0
36,26,-3.593421,55.195731,626,221.0
36,27,-3.593618,55.195837,626,226.0
36,28,-3.59377,55.196035,626,200.0
36,29,-3.593794,55.196067,626,200.0
36,30,-3.593975,55.19645,626,200.0
36,31,-3.594229,55.197064,626,212.0
36,32,-3.594364,55.197702,626,222.0
36,33,-3.594686,55.198064,626,222.0
36,34,-3.595094,55.198404,626,215.0
36,35,-3.595612,55.199121,626,215.0
36,36,-3.595684,55.199336,626,226.0
36,37,-3.595736,55.199493,626,226.0
36,38,-3.595721,55.200272,626,238.0
36,39,-3.596025,55.201146,626,243.0
36,40,-3.596036,55.201392,626,243.0
36,41,-3.596044,55.201566,626,243.0
36,42,-3.59599,55.201835,626,234.0
36,43,-3.595637,55.202322,626,234.0
36,44,-3.595249,55.202742,626,221.0
36,45,-3.594885,55.20302,626,240.0
36,46,-3.594732,55.203137,626,240.0
36,47,-3.594345,55.203303,626,240.0
36,48,-3.593796,55.203399,626,212.0
36,49,-3.593227,55.203502,626,232.0
36,50,-3.591864,55.20393,626,255.0
36,51,-3.590998,55.204059,626,265.0
36,52,-3.589906,55.204295,626,256.0
36,53,-3.588524,55.204612,626,267.0
36,54,-3.588007,55.204785,626,267.0
36,55,-3.586993,55.205419,626,268.0
36,56,-3.586689,55.205533,626,268.0
36,57,-3.586269,55.205589,626,268.0
36,58,-3.585836,55.205589,626,274.0
36,59,-3.584163,55.205552,626,283.0
36,60,-3.583827,55.205578,626,283.0
36,61,-3.583601,55.205651,626,292.0
36,62,-3.583149,55.205924,626,294.0
36,63,-3.583208,55.205617,626,292.0
36,64,-3.583149,55.205924,626,294.0
36,65,-3.582541,55.206853,626,297.0
36,66,-3.582322,55.207159,626,302.0
36,67,-3.582076,55.207952,626,307.0
36,68,-3.582135,55.208159,626,307.0
36,69,-3.582207,55.208153,626,307.0
36,70,-3.582135,55.208159,626,307.0
36,71,-3.581054,55.208319,626,311.0
36,72,-3.579932,55.208711,626,325.0
36,73,-3.578911,55.20916,626,331.0
36,74,-3.57685,55.210223,626,334.0
36,75,-3.576685,55.210286,626,334.0
36,76,-3.576499,55.210326,626,334.0
36,77,-3.57404,55.210717,626,332.0
36,78,-3.57372,55.21076,626,328.0
36,79,-3.57345,55.210772,626,328.0
36,80,-3.572667,55.210693,626,328.0
36,81,-3.572768,55.210912,626,333.0
36,82,-3.572769,55.210914,626,333.0
36,83,-3.572787,55.210954,626,333.0
36,84,-3.57421,55.214409,626,341.0
36,85,-3.574366,55.214667,626,341.0
36,86,-3.574514,55.214831,626,341.0
36,87,-3.575514,55.215948,626,348.0
36,88,-3.575962,55.216448,626,348.0
36,89,-3.576109,55.21662,626,348.0
36,90,-3.576185,55.216761,626,346.0
36,91,-3.576593,55.218696,626,349.0
36,92,-3.576833,55.219837,626,350.0
36,93,-3.576825,55.22017,626,354.0
36,94,-3.576693,55.22042,626,354.0
36,95,-3.576473,55.220677,626,354.0
36,96,-3.576408,55.22071,626,354.0
36,97,-3.576097,55.220868,626,339.0
36,98,-3.57592,55.220917,626,339.0
36,99,-3.575766,55.220934,626,339.0
36,100,-3.575365,55.22097,626,339.0
36,101,-3.57276,55.221135,626,327.0
36,102,-3.571871,55.22121,626,324.0
36,103,-3.571396,55.221295,626,324.0
36,104,-3.570623,55.221491,626,327.0
36,105,-3.570146,55.221538,626,327.0
36,106,-3.569926,55.221583,626,335.0
36,107,-3.569812,55.221606,626,335.0
36,108,-3.569486,55.221748,626,339.0
36,109,-3.569192,55.221936,626,339.0
36,110,-3.568944,55.222191,626,339.0
36,111,-3.567993,55.223208,626,342.0
36,112,-3.567584,55.223526,626,349.0
36,113,-3.564641,55.225657,626,351.0
36,114,-3.564151,55.22599,626,363.0
36,115,-3.562106,55.227059,626,350.0
36,116,-3.561202,55.227613,626,351.0
36,117,-3.561167,55.227648,626,351.0
36,118,-3.561026,55.227787,626,351.0
36,119,-3.559527,55.229856,626,349.0
36,120,-3.559207,55.230225,626,345.0
36,121,-3.558503,55.230897,626,345.0
36,122,-3.558471,55.230927,626,345.0
36,123,-3.557024,55.23239,626,356.0
36,124,-3.556887,55.232521,626,361.0
36,125,-3.556863,55.232546,626,361.0
36,126,-3.556887,55.232521,626,361.0
36,127,-3.556773,55.232406,626,356.0
36,128,-3.556626,55.232314,626,356.0
36,129,-3.556252,55.232003,626,362.0
36,130,-3.555972,55.231644,626,354.0
36,131,-3.555806,55.231496,626,354.0
36,132,-3.555646,55.231407,626,354.0
36,133,-3.554926,55.231123,626,359.0
36,134,-3.55358,55.230579,626,353.0
36,135,-3.552578,55.230147,626,353.0
36,136,-3.55233,55.23004,626,352.0
36,137,-3.552242,55.229985,626,346.0
36,138,-3.551871,55.22967,626,346.0
36,139,-3.551834,55.229431,626,346.0
36,140,-3.552329,55.229063,626,339.0
36,141,-3.552721,55.228733,626,341.0
36,142,-3.552721,55.228461,626,341.0
36,143,-3.552708,55.228451,626,341.0
36,144,-3.552413,55.228238,626,333.0
36,145,-3.551675,55.228104,626,333.0
36,146,-3.551301,55.228045,626,333.0
36,147,-3.550741,55.22815,626,331.0
36,148,-3.550436,55.228114,626,331.0
36,149,-3.550282,55.228058,626,331.0
36,150,-3.550136,55.228005,626,331.0
36,151,-3.549982,55.227902,626,330.0
36,152,-3.549625,55.22787,626,330.0
36,153,-3.549271,55.227928,626,330.0
36,154,-3.549027,55.228007,626,330.0
36,155,-3.548674,55.228276,626,325.0
36,156,-3.548136,55.228686,626,330.0
36,157,-3.547914,55.228775,626,330.0
36,158,-3.54764,55.228789,626,330.0
36,159,-3.54719,55.228745,626,324.0
36,160,-3.546689,55.22876,626,324.0
36,161,-3.546456,55.228701,626,324.0
36,162,-3.546203,55.228571,626,324.0
36,163,-3.545826,55.228002,626,319.0
36,164,-3.54566,55.227301,626,314.0
36,165,-3.545531,55.227183,626,314.0
36,166,-3.545381,55.22713,626,314.0
36,167,-3.545351,55.227132,626,314.0
36,168,-3.545216,55.227142,626,314.0
36,169,-3.545061,55.227198,626,314.0
36,170,-3.544864,55.227398,626,318.0
36,171,-3.544036,55.228408,626,321.0
36,172,-3.543734,55.228832,626,317.0
36,173,-3.543106,55.229714,626,318.0
36,174,-3.543049,55.229781,626,318.0
36,175,-3.542299,55.230666,626,316.0
36,176,-3.541901,55.230925,626,320.0
36,177,-3.541555,55.231082,626,320.0
36,178,-3.541178,55.231261,626,317.0
36,179,-3.541064,55.231379,626,317.0
36,180,-3.541028,55.231515,626,317.0
36,181,-3.541119,55.231714,626,317.0
36,182,-3.541209,55.23191,626,317.0
36,183,-3.541229,55.232361,626,317.0
36,184,-3.541136,55.232635,626,317.0
36,185,-3.540459,55.233749,626,320.0
36,186,-3.540403,55.233938,626,320.0
36,187,-3.540434,55.234117,626,320.0
36,188,-3.540484,55.234217,626,326.0
36,189,-3.540664,55.23458,626,326.0
36,190,-3.540681,55.234651,626,326.0
36,191,-3.540677,55.234778,626,326.0
36,192,-3.540684,55.234868,626,326.0
36,193,-3.540677,55.235001,626,328.0
36,194,-3.540681,55.235146,626,328.0
36,195,-3.540681,55.235234,626,328.0
36,196,-3.540672,55.235415,626,328.0
36,197,-3.540751,55.235653,626,328.0
36,198,-3.541089,55.236196,626,331.0
36,199,-3.541574,55.236976,626,337.0
36,200,-3.541942,55.237702,626,338.0
36,201,-3.542099,55.238397,626,343.0
36,202,-3.542549,55.239805,626,355.0
36,203,-3.542635,55.240022,626,359.0
36,204,-3.542827,55.24051,626,359.0
36,205,-3.542835,55.240788,626,359.0
36,206,-3.542835,55.240804,626,359.0
36,207,-3.542694,55.241167,626,366.0
36,208,-3.541672,55.243313,626,356.0
36,209,-3.541686,55.243526,626,366.0
36,210,-3.541798,55.243693,626,366.0
36,211,-3.54182,55.243726,626,366.0
36,212,-3.542792,55.244695,626,375.0
36,213,-3.543459,55.245196,626,379.0
36,214,-3.546358,55.247276,626,371.0
36,215,-3.54656,55.247527,626,366.0
36,216,-3.546746,55.247966,626,366.0
36,217,-3.546911,55.248089,626,366.0
36,218,-3.546932,55.248094,626,366.0
36,219,-3.54718,55.248157,626,366.0
36,220,-3.548043,55.248207,626,359.0
36,221,-3.548558,55.248267,626,359.0
36,222,-3.549651,55.248422,626,359.0
36,223,-3.550989,55.248664,626,349.0
36,224,-3.551677,55.248858,626,339.0
36,225,-3.552245,55.248956,626,339.0
36,226,-3.55284,55.249147,626,330.0
36,227,-3.553079,55.249172,626,337.0
36,228,-3.553687,55.249236,626,337.0
36,229,-3.554233,55.249319,626,328.0
36,230,-3.555055,55.24935,626,316.0
36,231,-3.555503,55.2494,626,316.0
36,232,-3.555752,55.249455,626,316.0
36,233,-3.555927,55.249517,626,316.0
36,234,-3.557396,55.250322,626,305.0
36,235,-3.558735,55.250939,626,297.0
36,236,-3.558992,55.25103,626,296.0
36,237,-3.559227,55.251114,626,296.0
36,238,-3.559369,55.25119,626,296.0
36,239,-3.559501,55.251312,626,296.0
36,240,-3.559599,55.251399,626,296.0
36,241,-3.559358,55.251502,626,296.0
36,242,-3.558676,55.251761,626,301.0
36,243,-3.558797,55.251914,626,297.0
36,244,-3.559308,55.252874,626,293.0
36,245,-3.559427,55.252997,626,293.0
36,246,-3.559609,55.253075,626,293.0
36,247,-3.559858,55.253102,626,293.0
36,248,-3.560792,55.253067,626,283.0
36,249,-3.561424,55.253154,626,277.0
36,250,-3.561741,55.253319,626,277.0
36,251,-3.561847,55.253374,626,279.0
36,252,-3.562453,55.253689,626,279.0
36,253,-3.563093,55.254256,626,290.0
36,254,-3.563097,55.254644,626,290.0
36,255,-3.563098,55.2548,626,290.0
36,256,-3.563176,55.255118,626,295.0
36,257,-3.563093,55.256094,626,298.0
36,258,-3.563119,55.256451,626,298.0
36,259,-3.563385,55.256849,626,300.0
36,260,-3.564027,55.257081,626,302.0
36,261,-3.564752,55.257194,626,302.0
36,262,-3.565321,55.257224,626,305.0
36,263,-3.565499,55.257259,626,305.0
36,264,-3.565516,55.257262,626,305.0
36,265,-3.565796,55.257319,626,305.0
36,266,-3.567826,55.258756,626,309.0
36,267,-3.569089,55.259172,626,310.0
36,268,-3.569387,55.259123,626,305.0
36,269,-3.570168,55.258995,626,301.0
36,270,-3.570771,55.258864,626,301.0
36,271,-3.571814,55.258419,626,291.0
36,272,-3.572965,55.257786,626,285.0
36,273,-3.575341,55.256497,626,283.0
36,274,-3.577923,55.254771,626,277.0
36,275,-3.577987,55.254707,626,277.0
36,276,-3.578239,55.254456,626,277.0
36,277,-3.578533,55.254164,626,277.0
36,278,-3.579261,55.253562,626,276.0
36,279,-3.580035,55.252742,626,273.0
36,280,-3.580927,55.251544,626,268.0
36,281,-3.5812,55.250527,626,275.0
36,282,-3.581428,55.248991,626,254.0
36,283,-3.581446,55.248871,626,254.0
36,284,-3.582074,55.247766,626,251.0
36,285,-3.582238,55.247309,626,244.0
36,286,-3.582184,55.246719,626,244.0
36,287,-3.58211,55.245903,626,239.0
36,288,-3.581746,55.244963,626,234.0
36,289,-3.581346,55.244595,626,234.0
36,290,-3.579898,55.243699,626,239.0
36,291,-3.579734,55.243655,626,239.0
36,292,-3.579613,55.243625,626,239.0
36,293,-3.578533,55.243359,626,235.0
36,294,-3.577158,55.244289,626,234.0
36,295,-3.57478,55.245465,626,252.0
36,296,-3.573997,55.246001,626,259.0
36,297,-3.573706,55.246116,626,252.0
36,298,-3.571904,55.246529,626,259.0
36,299,-3.571629,55.246592,626,259.0
36,300,-3.571148,55.246662,626,266.0
36,301,-3.571047,55.246494,626,268.0
36,302,-3.571253,55.245948,626,268.0
36,303,-3.571361,55.24562,626,273.0
36,304,-3.571407,55.24536,626,273.0
36,305,-3.571172,55.245152,626,278.0
36,306,-3.570943,55.245004,626,278.0
36,307,-3.570825,55.244832,626,280.0
36,308,-3.570656,55.244472,626,280.0
36,309,-3.570774,55.244273,626,280.0
36,310,-3.570876,55.244189,626,280.0
36,311,-3.571575,55.243614,626,274.0
36,312,-3.57183,55.243173,626,270.0
36,313,-3.572112,55.242809,626,270.0
36,314,-3.572531,55.242487,626,272.0
36,315,-3.572888,55.242317,626,272.0
36,316,-3.573305,55.242119,626,272.0
36,317,-3.573549,55.241936,626,272.0
36,318,-3.573997,55.2416,626,269.0
36,319,-3.57569,55.240422,626,261.0
36,320,-3.576222,55.240093,626,261.0
36,321,-3.576883,55.239685,626,260.0
36,322,-3.577802,55.239228,626,250.0
36,323,-3.578567,55.238896,626,258.0
36,324,-3.579031,55.238584,626,253.0
36,325,-3.580415,55.236731,626,256.0
36,326,-3.580652,55.23631,626,247.0
36,327,-3.580497,55.235392,626,241.0
36,328,-3.580584,55.23489,626,244.0
36,329,-3.580632,55.234695,626,244.0
36,330,-3.580757,55.234191,626,244.0
36,331,-3.581039,55.233794,626,252.0
36,332,-3.581946,55.233455,626,237.0
36,333,-3.582559,55.233096,626,230.0
36,334,-3.583281,55.232757,626,230.0
36,335,-3.584299,55.232202,626,210.0
36,336,-3.584838,55.231803,626,210.0
36,337,-3.585324,55.230961,626,193.0
36,338,-3.585385,55.230917,626,193.0
36,339,-3.585575,55.230779,626,198.0
36,340,-3.585908,55.230685,626,198.0
36,341,-3.586028,55.230648,626,198.0
36,342,-3.586808,55.23041,626,184.0
36,343,-3.587148,55.230305,626,184.0
36,344,-3.587453,55.230205,626,184.0
36,345,-3.587939,55.229959,626,180.0
36,346,-3.588519,55.229525,626,180.0
36,347,-3.591391,55.22761,626,176.0
36,348,-3.591935,55.226888,626,177.0
36,349,-3.592884,55.226457,626,178.0
36,350,-3.593673,55.226025,626,178.0
36,351,-3.594359,55.225782,626,181.0
36,352,-3.595329,55.225264,626,180.0
36,353,-3.595699,55.224935,626,173.0
36,354,-3.595789,55.224855,626,173.0
36,355,-3.596234,55.224747,626,173.0
36,356,-3.5965,55.224861,626,179.0
36,357,-3.596705,55.224947,626,179.0
36,358,-3.597022,55.225022,626,206.0
36,359,-3.597071,55.225034,626,206.0
36,360,-3.59709,55.225031,626,206.0
36,361,-3.597273,55.225,626,206.0
36,362,-3.598786,55.224331,626,222.0
36,363,-3.599335,55.22404,626,195.0
36,364,-3.60013,55.223509,626,214.0
36,365,-3.600427,55.223222,626,199.0
36,366,-3.600597,55.222917,626,199.0
36,367,-3.600737,55.222665,626,199.0
36,368,-3.60086,55.22243,626,180.0
36,369,-3.601119,55.22194,626,180.0
36,370,-3.601336,55.221494,626,189.0
36,371,-3.60119,55.22093,626,165.0
36,372,-3.601047,55.219898,626,167.0
36,373,-3.600917,55.219528,626,167.0
36,374,-3.600782,55.219283,626,167.0
36,375,-3.600711,55.219153,626,167.0
36,376,-3.600705,55.218792,626,167.0
36,377,-3.600713,55.218451,626,167.0
36,378,-3.60064,55.218077,626,176.0
36,379,-3.60042,55.217609,626,176.0
36,380,-3.600354,55.217538,626,176.0
36,381,-3.600104,55.217274,626,175.0
36,382,-3.599849,55.217035,626,162.0
36,383,-3.599805,55.216943,626,162.0
36,384,-3.599968,55.216952,626,162.0
36,385,-3.600622,55.217237,626,175.0
36,386,-3.601042,55.217559,626,176.0
36,387,-3.601592,55.217889,626,186.0
36,388,-3.602383,55.218246,626,186.0
36,389,-3.6035,55.218526,626,207.0
36,390,-3.604903,55.218582,626,217.0
36,391,-3.605707,55.218811,626,214.0
36,392,-3.605753,55.218807,626,214.0
36,393,-3.606491,55.218748,626,222.0
36,394,-3.607785,55.218808,626,228.0
36,395,-3.609453,55.218939,626,231.0
36,396,-3.609619,55.218956,626,231.0
36,397,-3.6096,55.218879,626,231.0
36,398,-3.609268,55.218718,626,231.0
36,399,-3.60892,55.21855,626,231.0
36,400,-3.608472,55.218302,626,239.0
36,401,-3.607703,55.217956,626,239.0
36,402,-3.607034,55.217546,626,226.0
36,403,-3.606365,55.217323,626,242.0
36,404,-3.60557,55.21697,626,229.0
36,405,-3.604901,55.216783,626,223.0
36,406,-3.604144,55.216682,626,223.0
36,407,-3.603939,55.21664,626,247.0
36,408,-3.603223,55.216495,626,235.0
36,409,-3.602302,55.216149,626,223.0
36,410,-3.60157,55.215689,626,246.0
36,411,-3.601053,55.215221,626,229.0
36,412,-3.600801,55.214283,626,237.0
36,413,-3.600687,55.21386,626,237.0
36,414,-3.60051,55.212456,626,245.0
36,415,-3.599904,55.211405,626,208.0
36,416,-3.599942,55.210203,626,210.0
36,417,-3.600102,55.209533,626,236.0
36,418,-3.600245,55.208936,626,226.0
36,419,-3.600304,55.208885,626,226.0
36,420,-3.600813,55.208446,626,226.0
36,421,-3.60099,55.208086,626,209.0
36,422,-3.60239,55.2071,626,208.0
36,423,-3.602883,55.206536,626,219.0
36,424,-3.602914,55.206482,626,219.0
36,425,-3.603252,55.206301,626,219.0
36,426,-3.603354,55.206232,626,219.0
36,427,-3.603614,55.206077,626,219.0
36,428,-3.603917,55.205746,626,225.0
36,429,-3.604356,55.205476,626,225.0
36,430,-3.604573,55.205343,626,225.0
36,431,-3.60459,55.205318,626,225.0
36,432,-3.605154,55.204472,626,228.0
36,433,-3.605785,55.203687,626,218.0
36,434,-3.605999,55.202859,626,213.0
36,435,-3.606224,55.202369,626,208.0
36,436,-3.606535,55.20221,626,215.0
36,437,-3.606983,55.202067,626,215.0
36,438,-3.607538,55.20213,626,203.0
36,439,-3.607614,55.202139,626,203.0
36,440,-3.608611,55.202448,626,203.0
36,441,-3.608914,55.202585,626,194.0
36,442,-3.60946,55.20348,626,203.0
36,443,-3.609621,55.203744,626,203.0
36,444,-3.609656,55.203996,626,203.0
36,445,-3.609658,55.204011,626,203.0
36,446,-3.608964,55.204904,626,203.0
36,447,-3.608851,55.205386,626,201.0
36,448,-3.6088,55.205818,626,201.0
36,449,-3.609618,55.207011,626,199.0
36,450,-3.609684,55.207107,626,199.0
36,451,-3.609685,55.207115,626,199.0
36,452,-3.609721,55.207618,626,206.0
36,453,-3.609986,55.208561,626,210.0
36,454,-3.610034,55.208923,626,191.0
36,455,-3.610149,55.209334,626,200.0
36,456,-3.610378,55.209677,626,200.0
36,457,-3.61092,55.210475,626,208.0
36,458,-3.611035,55.210707,626,208.0
36,459,-3.611251,55.211126,626,219.0
36,460,-3.61145,55.211662,626,208.0
36,461,-3.611781,55.212244,626,208.0
36,462,-3.612237,55.2128,626,214.0
36,463,-3.612358,55.212996,626,214.0
36,464,-3.612449,55.213187,626,214.0
36,465,-3.612554,55.213363,626,204.0
36,466,-3.61311,55.214026,626,204.0
36,467,-3.613813,55.214857,626,193.0
36,468,-3.613925,55.21499,626,193.0
36,469,-3.614136,55.215239,626,198.0
36,470,-3.614309,55.21573,626,198.0
36,471,-3.614371,55.216514,626,199.0
36,472,-3.614305,55.216815,626,203.0
36,473,-3.614322,55.217106,626,203.0
36,474,-3.613831,55.21751,626,218.0
36,475,-3.613221,55.217879,626,206.0
36,476,-3.612983,55.218023,626,206.0
36,477,-3.61259,55.218398,626,207.0
36,478,-3.612074,55.218737,626,221.0
36,479,-3.61147,55.21896,626,221.0
36,480,-3.611159,55.218996,626,231.0
36,481,-3.610841,55.219017,626,231.0
36,482,-3.610566,55.219022,626,231.0
36,483,-3.610537,55.219163,626,234.0
36,484,-3.610488,55.219308,626,234.0
36,485,-3.610486,55.219315,626,234.0
36,486,-3.610507,55.219582,626,234.0
36,487,-3.610562,55.219908,626,234.0
36,488,-3.610643,55.22022,626,241.0
36,489,-3.610489,55.220345,626,241.0
36,490,-3.60921,55.221104,626,257.0
36,491,-3.60837,55.22145,626,256.0
36,492,-3.607595,55.222125,626,265.0
36,493,-3.607377,55.222399,626,261.0
36,494,-3.606862,55.223044,626,270.0
36,495,-3.606464,55.223543,626,279.0
36,496,-3.60621,55.223833,626,267.0
36,497,-3.605607,55.224221,626,281.0
36,498,-3.604376,55.225012,626,287.0
36,499,-3.603738,55.225309,626,277.0
36,500,-3.6033,55.225625,626,277.0
36,501,-3.603016,55.225893,626,283.0
36,502,-3.602926,55.226141,626,283.0
36,503,-3.602926,55.226431,626,283.0
36,504,-3.603138,55.22672,626,269.0
36,505,-3.603158,55.226747,626,269.0
36,506,-3.603309,55.227069,626,269.0
36,507,-3.603585,55.227287,626,269.0
36,508,-3.6043,55.227663,626,266.0
36,509,-3.60492,55.227895,626,266.0
36,510,-3.605811,55.228009,626,274.0
36,511,-3.606464,55.228131,626,284.0
36,512,-3.606994,55.228186,626,284.0
36,513,-3.607401,55.228271,626,284.0
36,514,-3.607956,55.228547,626,269.0
36,515,-3.608254,55.228665,626,269.0
36,516,-3.608626,55.228754,626,269.0
36,517,-3.608626,55.228754,626,269.0
36,518,-3.609223,55.228691,626,272.0
36,519,-3.610088,55.22875,626,273.0
36,520,-3.61087,55.228934,626,273.0
36,521,-3.611419,55.229015,626,281.0
36,522,-3.612149,55.229236,626,261.0
36,523,-3.612589,55.229476,626,277.0
36,524,-3.613835,55.230445,626,281.0
36,525,-3.615102,55.231384,626,288.0
36,526,-3.616185,55.232192,626,270.0
36,527,-3.616855,55.232435,626,285.0
36,528,-3.617149,55.232614,626,274.0
36,529,-3.617464,55.23295,626,274.0
36,530,-3.617677,55.233108,626,279.0
36,531,-3.617799,55.233199,626,279.0
36,532,-3.618052,55.233326,626,272.0
36,533,-3.618732,55.233593,626,272.0
36,534,-3.619149,55.233668,626,271.0
36,535,-3.619544,55.233685,626,271.0
36,536,-3.619829,55.233644,626,271.0
36,537,-3.620661,55.232965,626,268.0
36,538,-3.620682,55.232948,626,268.0
36,539,-3.620824,55.232716,626,268.0
36,540,-3.620875,55.232314,626,274.0
36,541,-3.620559,55.23126,626,269.0
36,542,-3.619926,55.230431,626,282.0
36,543,-3.619118,55.229772,626,274.0
36,544,-3.618944,55.229547,626,274.0
36,545,-3.618737,55.228836,626,275.0
36,546,-3.618898,55.228173,626,263.0
36,547,-3.619318,55.227727,626,263.0
36,548,-3.619428,55.227595,626,263.0
36,549,-3.619393,55.227461,626,260.0
36,550,-3.619139,55.226984,626,260.0
36,551,-3.619023,55.226799,626,260.0
36,552,-3.618974,55.226385,626,253.0
36,553,-3.618803,55.226077,626,253.0
36,554,-3.618784,55.226043,626,253.0
36,555,-3.618452,55.225681,626,249.0
36,556,-3.61832,55.225553,626,249.0
36,557,-3.618459,55.225475,626,249.0
36,558,-3.618666,55.225404,626,249.0
36,559,-3.618929,55.225307,626,251.0
36,560,-3.619105,55.22518,626,251.0
36,561,-3.619217,55.225084,626,251.0
36,562,-3.619206,55.225012,626,251.0
36,563,-3.619192,55.224917,626,249.0
36,564,-3.619034,55.224521,626,249.0
36,565,-3.618686,55.224022,626,244.0
36,566,-3.61864,55.223757,626,244.0
36,567,-3.618676,55.223173,626,241.0
36,568,-3.618583,55.222987,626,241.0
36,569,-3.618185,55.222622,626,241.0
36,570,-3.617968,55.222162,626,237.0
36,571,-3.618045,55.22205,626,237.0
36,572,-3.618283,55.221982,626,237.0
36,573,-3.618423,55.221861,626,237.0
36,574,-3.618381,55.221603,626,226.0
36,575,-3.618262,55.221501,626,226.0
36,576,-3.617926,55.221227,626,226.0
36,577,-3.617887,55.221184,626,226.0
36,578,-3.617663,55.220935,626,226.0
36,579,-3.617425,55.22059,626,229.0
36,580,-3.617348,55.220322,626,229.0
36,581,-3.617239,55.220127,626,229.0
36,582,-3.616841,55.219824,626,241.0
36,583,-3.616665,55.21962,626,241.0
36,584,-3.616598,55.219393,626,241.0
36,585,-3.616639,55.219078,626,247.0
36,586,-3.616753,55.21881,626,247.0
36,587,-3.617032,55.218571,626,247.0
36,588,-3.617275,55.218388,626,247.0
36,589,-3.617327,55.218164,626,242.0
36,590,-3.617441,55.217981,626,242.0
36,591,-3.617603,55.217881,626,249.0
36,592,-3.617973,55.217651,626,249.0
36,593,-3.618195,55.217598,626,249.0
36,594,-3.619198,55.217554,626,245.0
36,595,-3.619523,55.217571,626,245.0
36,596,-3.619865,55.217701,626,245.0
36,597,-3.62206,55.218594,626,236.0
36,598,-3.622371,55.218721,626,236.0
36,599,-3.622733,55.218804,626,241.0
36,600,-3.623048,55.218761,626,241.0
36,601,-3.624141,55.218862,626,243.0
36,602,-3.624604,55.218857,626,243.0
36,603,-3.624888,55.218863,626,243.0
36,604,-3.625576,55.218989,626,243.0
36,605,-3.625829,55.21911,626,243.0
36,606,-3.626124,55.219337,626,251.0
36,607,-3.626429,55.219467,626,250.0
36,608,-3.627333,55.219721,626,250.0
36,609,-3.62786,55.219945,626,241.0
36,610,-3.628191,55.220089,626,258.0
36,611,-3.628708,55.220192,626,258.0
36,612,-3.629106,55.220293,626,245.0
36,613,-3.629468,55.220466,626,245.0
36,614,-3.630863,55.22138,626,250.0
36,615,-3.631504,55.221756,626,252.0
36,616,-3.631623,55.221826,626,252.0
36,617,-3.632786,55.22279,626,242.0
36,618,-3.633158,55.223199,626,242.0
36,619,-3.633484,55.223754,626,255.0
36,620,-3.634197,55.224544,626,239.0
36,621,-3.634435,55.224868,626,239.0
36,622,-3.635081,55.226442,626,243.0
36,623,-3.635112,55.22666,626,248.0
36,624,-3.635055,55.226843,626,248.0
36,625,-3.635048,55.226852,626,248.0
